transaction_id,from_account,to_account,amount,timestamp,user_agent
1,783090138,296808508,$970.43,4/10/2021,Mozilla/5.0
2,065419094,460289381,$301.53,12/27/2020,AppleWebKit/537.36
3,963595720,549123263,$624.50,11/1/2020,Chrome/51.0.2704.103
4,389877011,027171468,$42.24,6/20/2020,Safari/537.36
5,124961818,328966565,$618.91,10/30/2020,Mozilla/5.0
6,267080812,814045028,$170.00,9/5/2020,AppleWebKit/537.36
7,760106461,999333329,$226.68,4/30/2021,Chrome/51.0.2704.103
8,337830129,789806989,$717.91,8/15/2020,Chrome/51.0.2704.103
9,145870222,311667375,$39.17,4/15/2021,Chrome/51.0.2704.103
10,675283944,623816956,$115.74,12/23/2020,Safari/537.36
11,404777452,558734179,$235.37,10/29/2020,Chrome/51.0.2704.103
12,851314868,950488304,$239.51,9/7/2020,Mozilla/5.0
13,389736802,433694053,$903.50,12/22/2020,Chrome/51.0.2704.103
14,362168181,761645654,$623.69,9/15/2020,Safari/537.36
15,865165490,396419715,$708.24,5/26/2020,Safari/537.36
16,864930446,871561319,$304.50,7/16/2020,AppleWebKit/537.36
17,038239118,864461982,$977.28,11/27/2020,Chrome/51.0.2704.103
18,470836308,303636735,$600.96,1/16/2021,Mozilla/5.0
19,034686357,526912016,$844.13,1/25/2021,AppleWebKit/537.36
20,176482047,138799749,$990.03,4/25/2021,Mozilla/5.0
21,792415090,764144452,$202.03,3/11/2021,Safari/537.36
22,191459077,861433077,$374.55,7/19/2020,Chrome/51.0.2704.103
23,073115905,468616967,$801.79,2/11/2021,Mozilla/5.0
24,157976271,978849856,$820.61,9/5/2020,Safari/537.36
25,889653569,582455272,$970.60,9/7/2020,AppleWebKit/537.36
26,219144756,738095671,$714.85,9/13/2020,Mozilla/5.0
27,376438957,319239253,$81.26,4/26/2021,AppleWebKit/537.36
28,143951981,445075680,$8.70,1/15/2021,Safari/537.36
29,098521668,990236096,$177.31,12/31/2020,Safari/537.36
30,291376554,427485020,$837.77,10/3/2020,Mozilla/5.0
31,262735598,832676255,$384.35,6/18/2020,Chrome/51.0.2704.103
32,728734082,287566839,$23.64,6/14/2020,Mozilla/5.0
33,604291308,849454956,$975.92,7/22/2020,AppleWebKit/537.36
34,388370633,225129961,$843.18,2/2/2021,Chrome/51.0.2704.103
35,082615835,856392626,$55.15,11/9/2020,Safari/537.36
36,721891418,787532338,$458.89,1/2/2021,Safari/537.36
37,667851277,208475677,$331.17,5/6/2021,Safari/537.36
38,210818405,141749365,$835.66,4/24/2021,Safari/537.36
39,919873434,712996858,$347.00,6/5/2020,Mozilla/5.0
40,717625477,784112252,$722.87,9/11/2020,Safari/537.36
41,687244547,303346454,$222.81,6/23/2020,Chrome/51.0.2704.103
42,266684089,316716507,$125.85,8/1/2020,Mozilla/5.0
43,654101388,703117813,$906.72,4/20/2021,AppleWebKit/537.36
44,933322843,009858718,$382.04,1/15/2021,Chrome/51.0.2704.103
45,398550266,176880379,$91.04,3/8/2021,Chrome/51.0.2704.103
46,063484982,761355611,$213.12,7/8/2020,Chrome/51.0.2704.103
47,393527922,860494796,$75.58,3/2/2021,Chrome/51.0.2704.103
48,713891571,761773645,$857.12,2/21/2021,AppleWebKit/537.36
49,868705166,006746444,$619.13,10/21/2020,AppleWebKit/537.36
50,456926097,534896249,$771.04,12/10/2020,Safari/537.36
51,436102384,118311961,$318.67,6/28/2020,AppleWebKit/537.36
52,483966881,873762576,$341.88,10/29/2020,Mozilla/5.0
53,716078568,771978592,$182.05,5/17/2020,Chrome/51.0.2704.103
54,370166218,592035516,$417.81,7/11/2020,AppleWebKit/537.36
55,242274288,671731119,$967.86,7/19/2020,AppleWebKit/537.36
56,792782434,821111650,$433.32,2/5/2021,Mozilla/5.0
57,487274587,423845266,$333.64,1/21/2021,Safari/537.36
58,352567552,963454401,$497.37,2/3/2021,Mozilla/5.0
59,715713921,558033375,$406.03,10/29/2020,Mozilla/5.0
60,662130396,366521894,$317.85,11/8/2020,AppleWebKit/537.36
61,388117529,547436532,$565.70,2/17/2021,AppleWebKit/537.36
62,073119046,650270275,$470.56,6/20/2020,AppleWebKit/537.36
63,887627752,912112931,$334.31,7/11/2020,Safari/537.36
64,031235832,353141237,$396.76,1/12/2021,Safari/537.36
65,797007420,601837486,$274.82,5/25/2020,Mozilla/5.0
66,364438522,836636899,$612.21,5/22/2020,AppleWebKit/537.36
67,302102794,456332806,$536.83,11/9/2020,Mozilla/5.0
68,071721805,174999661,$529.10,11/16/2020,AppleWebKit/537.36
69,846560878,360343038,$515.94,9/18/2020,AppleWebKit/537.36
70,812390661,111933620,$176.70,1/16/2021,Mozilla/5.0
71,151850506,614382678,$218.89,7/21/2020,Chrome/51.0.2704.103
72,675478111,891852115,$443.05,7/25/2020,AppleWebKit/537.36
73,858780889,640394554,$238.01,10/23/2020,Chrome/51.0.2704.103
74,036945532,369082103,$669.62,10/29/2020,Safari/537.36
75,873025742,263460848,$429.22,9/10/2020,Safari/537.36
76,764025528,080957675,$44.01,12/4/2020,Mozilla/5.0
77,898059988,193953312,$205.83,12/29/2020,Chrome/51.0.2704.103
78,007990929,590259487,$640.47,9/28/2020,AppleWebKit/537.36
79,542877694,064152834,$112.56,1/23/2021,Safari/537.36
80,242246124,925548784,$913.36,11/26/2020,AppleWebKit/537.36
81,043721343,840443471,$291.79,8/15/2020,Safari/537.36
82,262034704,508038211,$760.58,10/25/2020,AppleWebKit/537.36
83,417752881,824357823,$175.22,2/26/2021,Chrome/51.0.2704.103
84,393074132,897639340,$214.04,1/30/2021,Safari/537.36
85,723561320,990017691,$969.55,4/20/2021,Chrome/51.0.2704.103
86,847686135,032528411,$978.29,9/4/2020,AppleWebKit/537.36
87,596776362,721404355,$955.81,4/12/2021,Safari/537.36
88,531632494,254499816,$976.99,2/14/2021,Mozilla/5.0
89,900568744,883580874,$799.94,4/29/2021,Safari/537.36
90,498484862,726562748,$405.13,2/10/2021,Mozilla/5.0
91,030595923,227566226,$174.66,5/6/2021,Chrome/51.0.2704.103
92,794229504,877672921,$833.67,4/9/2021,Chrome/51.0.2704.103
93,769706277,499457777,$573.50,1/29/2021,Safari/537.36
94,385905824,585129635,$13.72,7/28/2020,AppleWebKit/537.36
95,679227738,912701206,$101.21,12/24/2020,Chrome/51.0.2704.103
96,684494270,287920849,$982.42,11/19/2020,Chrome/51.0.2704.103
97,373494699,898155896,$587.60,9/18/2020,Chrome/51.0.2704.103
98,312707769,157798504,$93.94,8/27/2020,Safari/537.36
99,431879707,418273569,$574.68,6/20/2020,Safari/537.36
100,594432184,067576445,$121.26,3/19/2021,Safari/537.36
101,667684491,609389722,$635.30,10/17/2020,Safari/537.36
102,343435508,095931296,$427.25,3/7/2021,Safari/537.36
103,899889185,047286012,$378.47,11/15/2020,Safari/537.36
104,438028716,947959793,$839.11,7/29/2020,AppleWebKit/537.36
105,648796363,967901268,$58.51,10/20/2020,Safari/537.36
106,862469437,240051069,$31.73,4/6/2021,AppleWebKit/537.36
107,875084692,955576362,$958.26,12/30/2020,Safari/537.36
108,070693927,168891149,$907.88,2/26/2021,AppleWebKit/537.36
109,879879190,433179240,$767.64,6/5/2020,Mozilla/5.0
110,247368590,317514594,$900.66,2/26/2021,Chrome/51.0.2704.103
111,367261213,024085319,$23.21,7/29/2020,Safari/537.36
112,576845114,925424241,$762.39,10/7/2020,Chrome/51.0.2704.103
113,255188348,017345128,$57.90,10/16/2020,Mozilla/5.0
114,682603362,056163451,$363.74,4/25/2021,Mozilla/5.0
115,415959299,899849907,$488.18,4/10/2021,Mozilla/5.0
116,507383463,518619916,$859.23,9/2/2020,Mozilla/5.0
117,309102567,599380464,$936.36,2/18/2021,Mozilla/5.0
118,048543223,029427406,$107.92,8/5/2020,Safari/537.36
119,871862329,630826554,$644.49,1/4/2021,Safari/537.36
120,313569215,279967661,$757.30,5/20/2020,Chrome/51.0.2704.103
121,891634051,071039820,$813.84,4/10/2021,AppleWebKit/537.36
122,016456705,090811615,$954.76,2/13/2021,Mozilla/5.0
123,596036326,389116409,$363.56,2/26/2021,Chrome/51.0.2704.103
124,368250253,702006479,$432.48,6/28/2020,Chrome/51.0.2704.103
125,699862360,567971436,$654.04,12/23/2020,AppleWebKit/537.36
126,169214618,764120139,$543.43,12/26/2020,Mozilla/5.0
127,893965405,908357554,$953.78,4/3/2021,Mozilla/5.0
128,162560524,655144925,$597.80,1/11/2021,Chrome/51.0.2704.103
129,116305773,767909732,$146.42,11/26/2020,Mozilla/5.0
130,969847036,823604870,$576.93,4/7/2021,Mozilla/5.0
131,580879441,504331386,$361.23,10/24/2020,Safari/537.36
132,827012890,593155720,$939.40,6/19/2020,Mozilla/5.0
133,884354941,114197978,$404.02,4/1/2021,Mozilla/5.0
134,424794533,714819057,$561.14,5/21/2020,Mozilla/5.0
135,932780738,192855547,$406.98,8/25/2020,Mozilla/5.0
136,637038201,013437049,$273.47,7/19/2020,Chrome/51.0.2704.103
137,179264603,946624042,$603.66,2/19/2021,Mozilla/5.0
138,618720014,306748628,$316.42,3/6/2021,Mozilla/5.0
139,735639605,475772020,$781.99,5/7/2021,Chrome/51.0.2704.103
140,398238645,845968853,$919.22,3/31/2021,Mozilla/5.0
141,195679407,716822382,$804.70,6/12/2020,AppleWebKit/537.36
142,188334132,958209397,$320.08,12/13/2020,Safari/537.36
143,965467428,219918878,$864.30,5/3/2021,Safari/537.36
144,076057015,812823083,$872.90,10/17/2020,Safari/537.36
145,230922260,518964899,$860.03,7/31/2020,AppleWebKit/537.36
146,850803004,205168585,$293.32,12/11/2020,AppleWebKit/537.36
147,653622036,008580091,$324.10,12/21/2020,AppleWebKit/537.36
148,715453382,071991762,$71.04,5/31/2020,Mozilla/5.0
149,452535115,676668464,$970.26,2/14/2021,Safari/537.36
150,061885478,899541458,$862.31,2/3/2021,Mozilla/5.0
151,499205618,301782729,$843.97,6/17/2020,Chrome/51.0.2704.103
152,004269353,584263225,$672.32,6/26/2020,Safari/537.36
153,942022528,353928647,$436.04,2/21/2021,AppleWebKit/537.36
154,593258422,243646713,$988.34,4/4/2021,AppleWebKit/537.36
155,309680059,584147548,$171.77,8/24/2020,AppleWebKit/537.36
156,202873519,512687892,$566.07,9/23/2020,Safari/537.36
157,084568594,228671129,$129.04,8/30/2020,Chrome/51.0.2704.103
158,303020075,938616573,$385.70,6/26/2020,Mozilla/5.0
159,835311630,316041666,$891.73,12/4/2020,Chrome/51.0.2704.103
160,323122342,527773862,$497.85,9/28/2020,Chrome/51.0.2704.103
161,195714326,253149842,$508.12,8/14/2020,Safari/537.36
162,621172511,983540670,$374.30,3/23/2021,Chrome/51.0.2704.103
163,087287051,800801398,$297.21,10/31/2020,Chrome/51.0.2704.103
164,108770196,806492602,$102.87,1/6/2021,Chrome/51.0.2704.103
165,034258874,441246949,$126.80,9/10/2020,Chrome/51.0.2704.103
166,528503960,267405172,$57.37,11/15/2020,Mozilla/5.0
167,944677171,208799422,$779.01,3/1/2021,AppleWebKit/537.36
168,920190148,609478454,$603.12,4/25/2021,Safari/537.36
169,689983006,895072872,$244.78,10/25/2020,Safari/537.36
170,750501356,102571186,$841.35,1/11/2021,Mozilla/5.0
171,317761891,768472855,$328.18,4/7/2021,AppleWebKit/537.36
172,062730307,332311582,$318.56,1/22/2021,Safari/537.36
173,884677182,355255533,$927.86,5/28/2020,Mozilla/5.0
174,768717094,327266298,$961.97,2/10/2021,Chrome/51.0.2704.103
175,774283762,918256135,$463.45,9/27/2020,Mozilla/5.0
176,355689179,038827416,$80.63,8/26/2020,Chrome/51.0.2704.103
177,131277742,322213295,$798.44,12/9/2020,AppleWebKit/537.36
178,760506911,100859849,$66.60,12/24/2020,Safari/537.36
179,905313736,983171899,$753.13,6/27/2020,Safari/537.36
180,039932345,169324119,$18.02,3/3/2021,Mozilla/5.0
181,454975063,941563122,$575.50,10/9/2020,Mozilla/5.0
182,468982567,277699632,$827.15,8/25/2020,Safari/537.36
183,556395160,664041822,$1.14,11/17/2020,Chrome/51.0.2704.103
184,257363944,789975488,$181.52,3/27/2021,AppleWebKit/537.36
185,168810500,700141573,$467.80,8/25/2020,Safari/537.36
186,780964045,385799771,$867.79,12/21/2020,Chrome/51.0.2704.103
187,472550624,271293698,$152.93,3/17/2021,Mozilla/5.0
188,958494740,824317744,$372.64,8/1/2020,AppleWebKit/537.36
189,574854944,193338164,$637.44,3/28/2021,AppleWebKit/537.36
190,304964300,461120246,$981.53,11/29/2020,Safari/537.36
191,423890280,894421080,$916.14,4/4/2021,Mozilla/5.0
192,342681331,719653655,$831.37,7/16/2020,Safari/537.36
193,747853422,381786040,$665.46,8/18/2020,Safari/537.36
194,252973082,773077474,$138.17,8/14/2020,Mozilla/5.0
195,967971539,269085115,$987.48,4/24/2021,Mozilla/5.0
196,672649216,162306098,$164.95,5/23/2020,Safari/537.36
197,311764121,943829418,$627.14,3/27/2021,AppleWebKit/537.36
198,614813919,554348961,$344.20,7/22/2020,Mozilla/5.0
199,091528529,670955357,$526.20,10/7/2020,Safari/537.36
200,907236569,550831402,$757.30,7/21/2020,AppleWebKit/537.36
201,119280865,410592334,$802.81,1/15/2021,Safari/537.36
202,382325779,529584170,$945.43,4/11/2021,Chrome/51.0.2704.103
203,783802925,248660138,$454.35,7/25/2020,AppleWebKit/537.36
204,125610719,164541659,$641.17,7/17/2020,Mozilla/5.0
205,113587444,788342679,$413.96,4/4/2021,Chrome/51.0.2704.103
206,638835144,514643331,$683.28,11/3/2020,AppleWebKit/537.36
207,418028447,156399309,$460.57,11/18/2020,Mozilla/5.0
208,733523333,714508393,$860.06,1/17/2021,AppleWebKit/537.36
209,310355301,920316459,$988.51,6/26/2020,Chrome/51.0.2704.103
210,450829483,370438592,$417.34,2/15/2021,Chrome/51.0.2704.103
211,065150979,904119246,$201.17,8/24/2020,Safari/537.36
212,628666615,156123539,$731.64,5/3/2021,Mozilla/5.0
213,939513860,968994593,$813.72,2/22/2021,Mozilla/5.0
214,960268061,969012482,$378.08,2/2/2021,Chrome/51.0.2704.103
215,106315340,823652957,$735.45,6/19/2020,AppleWebKit/537.36
216,377488167,316971500,$985.79,11/18/2020,Safari/537.36
217,682499023,125614929,$542.94,7/25/2020,AppleWebKit/537.36
218,172438779,690303163,$42.88,12/23/2020,Mozilla/5.0
219,871080611,357317545,$31.73,7/4/2020,Safari/537.36
220,380580761,094340188,$803.79,10/14/2020,AppleWebKit/537.36
221,667878294,998075406,$876.09,4/26/2021,Safari/537.36
222,309164047,858323433,$181.86,2/13/2021,Safari/537.36
223,281838203,172651668,$58.61,4/28/2021,Safari/537.36
224,069119493,720338181,$361.25,8/17/2020,Chrome/51.0.2704.103
225,365334900,825368942,$897.23,4/29/2021,Mozilla/5.0
226,051110927,275601670,$200.25,2/26/2021,Safari/537.36
227,802193281,882068548,$940.61,3/15/2021,AppleWebKit/537.36
228,654177725,121597553,$595.11,4/1/2021,Chrome/51.0.2704.103
229,314827848,641476408,$555.29,11/30/2020,Mozilla/5.0
230,249981626,161670259,$159.40,8/28/2020,Mozilla/5.0
231,833131057,749388647,$81.88,10/9/2020,Safari/537.36
232,916953197,033904846,$167.96,9/15/2020,AppleWebKit/537.36
233,771753485,749261074,$903.23,10/8/2020,Safari/537.36
234,127776114,712914641,$879.07,2/5/2021,Chrome/51.0.2704.103
235,621509749,581147893,$127.31,5/30/2020,Mozilla/5.0
236,481250251,816859776,$22.08,3/28/2021,AppleWebKit/537.36
237,129908726,281540676,$144.42,5/25/2020,Mozilla/5.0
238,054646609,493426752,$240.83,4/10/2021,Mozilla/5.0
239,220397029,778853386,$905.78,4/20/2021,Chrome/51.0.2704.103
240,220219584,495987604,$227.41,12/20/2020,Safari/537.36
241,777008311,631423753,$98.12,7/13/2020,Safari/537.36
242,472620430,060734973,$673.66,12/6/2020,Mozilla/5.0
243,668552022,703442269,$381.13,12/28/2020,AppleWebKit/537.36
244,297910366,623315762,$169.52,11/14/2020,Chrome/51.0.2704.103
245,957011107,727403634,$513.34,10/6/2020,Mozilla/5.0
246,174919274,270008273,$760.27,10/31/2020,AppleWebKit/537.36
247,497370269,472256330,$178.08,10/22/2020,AppleWebKit/537.36
248,904614068,755414055,$851.94,3/12/2021,Safari/537.36
249,073706856,726505309,$679.39,8/24/2020,Safari/537.36
250,964121091,492338916,$583.59,8/16/2020,AppleWebKit/537.36
251,284806046,634181448,$237.46,10/7/2020,Mozilla/5.0
252,007957110,117084013,$651.10,7/25/2020,Safari/537.36
253,988703903,880721897,$440.60,1/31/2021,Mozilla/5.0
254,080695773,594151272,$507.25,8/3/2020,Chrome/51.0.2704.103
255,210814360,140397479,$777.72,7/26/2020,Safari/537.36
256,912828931,905066083,$180.12,4/3/2021,Chrome/51.0.2704.103
257,661268969,758479518,$505.12,12/4/2020,AppleWebKit/537.36
258,307102752,544076246,$321.99,5/14/2020,Safari/537.36
259,603587354,913579613,$417.91,12/24/2020,Safari/537.36
260,361592235,396354157,$109.01,4/18/2021,Chrome/51.0.2704.103
261,743323116,329593106,$922.59,1/25/2021,Chrome/51.0.2704.103
262,237459799,883529309,$259.41,6/26/2020,Chrome/51.0.2704.103
263,803053619,733970701,$700.72,7/11/2020,Mozilla/5.0
264,982334893,537950474,$70.08,9/16/2020,AppleWebKit/537.36
265,834992291,652424063,$511.57,7/20/2020,Mozilla/5.0
266,445058155,728042412,$88.85,11/16/2020,Chrome/51.0.2704.103
267,120085225,705013127,$682.71,10/4/2020,Chrome/51.0.2704.103
268,004689241,883507818,$898.43,10/29/2020,Chrome/51.0.2704.103
269,020401901,481555218,$506.08,8/28/2020,Mozilla/5.0
270,910722012,627005663,$573.53,4/7/2021,Mozilla/5.0
271,217581387,413893211,$412.41,1/18/2021,AppleWebKit/537.36
272,559999910,000743961,$877.58,3/8/2021,Safari/537.36
273,937665226,012634944,$830.67,1/6/2021,AppleWebKit/537.36
274,005308942,419371469,$130.97,7/8/2020,Mozilla/5.0
275,834525127,308947001,$523.26,3/5/2021,Mozilla/5.0
276,594727826,236955455,$465.46,4/14/2021,Safari/537.36
277,384658839,769392588,$383.53,5/7/2021,AppleWebKit/537.36
278,121398337,497184560,$757.37,8/22/2020,Mozilla/5.0
279,186400374,698217378,$41.83,10/12/2020,AppleWebKit/537.36
280,752966476,331401666,$349.34,9/19/2020,AppleWebKit/537.36
281,687564564,886419599,$604.39,8/3/2020,Chrome/51.0.2704.103
282,859112902,412938552,$626.29,4/22/2021,Chrome/51.0.2704.103
283,911573191,229522461,$952.33,8/18/2020,Safari/537.36
284,734074102,168292725,$443.15,4/3/2021,Safari/537.36
285,350651501,455690374,$983.95,5/13/2020,Chrome/51.0.2704.103
286,394262371,728110996,$286.95,3/20/2021,Mozilla/5.0
287,542754494,751286665,$152.37,5/18/2020,Mozilla/5.0
288,181964794,169529777,$981.38,8/7/2020,Safari/537.36
289,708166292,706629750,$604.99,12/18/2020,AppleWebKit/537.36
290,931377017,033475918,$409.42,4/25/2021,Safari/537.36
291,721464408,183859760,$206.22,10/20/2020,Safari/537.36
292,794598949,245916461,$62.43,7/23/2020,Mozilla/5.0
293,360811458,906866439,$883.00,2/25/2021,Mozilla/5.0
294,349770647,831658124,$427.95,4/2/2021,Chrome/51.0.2704.103
295,915656223,875168316,$964.10,12/13/2020,Safari/537.36
296,663888183,609154317,$756.00,9/9/2020,Safari/537.36
297,257436362,220962073,$989.33,11/18/2020,Safari/537.36
298,182685846,080575560,$637.51,10/31/2020,Mozilla/5.0
299,562807839,816504978,$817.22,2/14/2021,Mozilla/5.0
300,939110416,295128155,$535.75,12/15/2020,Chrome/51.0.2704.103
301,098936366,210595135,$808.53,9/24/2020,Chrome/51.0.2704.103
302,448874818,649901157,$641.42,6/9/2020,Mozilla/5.0
303,202695897,159161807,$993.79,9/8/2020,Mozilla/5.0
304,733209258,360357023,$838.67,11/7/2020,Chrome/51.0.2704.103
305,963470639,982783379,$305.30,6/17/2020,Mozilla/5.0
306,897421659,414291367,$998.28,1/7/2021,Mozilla/5.0
307,204335661,945817811,$512.28,12/1/2020,Safari/537.36
308,351745714,855503046,$327.89,1/30/2021,Mozilla/5.0
309,634703938,907884492,$185.69,7/31/2020,Chrome/51.0.2704.103
310,714516489,259869027,$597.23,7/7/2020,AppleWebKit/537.36
311,118046587,671752014,$988.22,10/23/2020,Mozilla/5.0
312,745154766,355472721,$753.25,12/27/2020,Chrome/51.0.2704.103
313,869150152,787979463,$963.76,8/30/2020,Chrome/51.0.2704.103
314,910553100,826415610,$387.62,9/2/2020,Safari/537.36
315,591864913,172545081,$878.52,12/8/2020,AppleWebKit/537.36
316,253948226,011859429,$139.42,7/10/2020,Safari/537.36
317,265411108,077820306,$841.21,4/14/2021,Safari/537.36
318,836431537,604392679,$510.05,11/1/2020,Mozilla/5.0
319,128916376,852797016,$553.24,2/7/2021,Mozilla/5.0
320,930824422,072768152,$377.17,7/11/2020,AppleWebKit/537.36
321,807628103,143875916,$682.60,8/14/2020,Chrome/51.0.2704.103
322,373913091,242995028,$842.02,4/16/2021,Mozilla/5.0
323,599253010,691925698,$815.39,6/20/2020,AppleWebKit/537.36
324,115579006,983650366,$643.42,2/21/2021,Mozilla/5.0
325,343240815,752045096,$171.43,1/4/2021,Safari/537.36
326,444691092,246936792,$383.96,2/9/2021,Chrome/51.0.2704.103
327,064082014,416582820,$687.70,10/30/2020,Safari/537.36
328,746360626,208685292,$693.24,4/27/2021,Safari/537.36
329,335778601,434828399,$607.91,10/6/2020,Safari/537.36
330,141744032,370168734,$229.29,8/1/2020,Chrome/51.0.2704.103
331,557007894,337835548,$230.96,8/16/2020,Chrome/51.0.2704.103
332,204493283,090443845,$939.90,9/16/2020,Safari/537.36
333,190800572,057375032,$975.97,3/3/2021,Safari/537.36
334,779140040,680167818,$984.49,8/15/2020,Safari/537.36
335,817460823,151184463,$358.04,2/1/2021,AppleWebKit/537.36
336,431546119,409723248,$108.72,10/3/2020,AppleWebKit/537.36
337,692795385,207001758,$220.13,5/13/2020,Mozilla/5.0
338,697464456,519438374,$847.68,10/7/2020,Chrome/51.0.2704.103
339,473687286,137511058,$626.84,12/6/2020,Mozilla/5.0
340,047015271,423374106,$711.04,11/25/2020,AppleWebKit/537.36
341,132272364,354088465,$426.80,1/19/2021,AppleWebKit/537.36
342,205189789,145877786,$308.35,5/16/2020,Chrome/51.0.2704.103
343,234858023,331368265,$957.70,5/12/2020,Mozilla/5.0
344,578634463,457006363,$157.30,12/21/2020,Chrome/51.0.2704.103
345,487661840,441810094,$170.98,4/5/2021,Safari/537.36
346,581902052,166724299,$812.27,3/31/2021,Mozilla/5.0
347,239751000,126501496,$376.64,4/17/2021,Safari/537.36
348,210938664,482510492,$785.78,7/11/2020,Mozilla/5.0
349,912628393,566435401,$731.88,10/28/2020,Mozilla/5.0
350,849195764,590372989,$570.59,1/2/2021,Mozilla/5.0
351,642823324,677699698,$610.63,7/26/2020,AppleWebKit/537.36
352,031375124,586806926,$57.90,10/23/2020,AppleWebKit/537.36
353,299942917,799623406,$796.39,7/29/2020,Safari/537.36
354,503058507,260295871,$3.73,7/20/2020,Safari/537.36
355,843807231,424554837,$432.65,8/4/2020,Safari/537.36
356,273237036,154763761,$768.86,10/22/2020,Safari/537.36
357,004350688,279118851,$591.89,3/14/2021,Safari/537.36
358,901710398,041636341,$193.89,6/8/2020,Safari/537.36
359,005922501,507707967,$233.34,6/12/2020,AppleWebKit/537.36
360,547633896,301003396,$170.08,6/22/2020,Safari/537.36
361,698748103,090697470,$93.60,3/4/2021,Safari/537.36
362,012247382,683823410,$878.34,3/4/2021,Chrome/51.0.2704.103
363,532868069,529992368,$282.85,4/29/2021,Safari/537.36
364,988593543,378331133,$618.95,4/19/2021,Chrome/51.0.2704.103
365,347734887,610798883,$115.49,5/17/2020,Safari/537.36
366,664167063,361182582,$122.00,3/24/2021,Safari/537.36
367,754382211,001874334,$408.95,6/3/2020,Chrome/51.0.2704.103
368,205037272,706885670,$520.64,3/4/2021,Chrome/51.0.2704.103
369,373557782,391591884,$990.13,5/22/2020,Mozilla/5.0
370,209464397,314238813,$186.28,6/25/2020,Safari/537.36
371,818746648,155630734,$66.67,3/7/2021,AppleWebKit/537.36
372,907745711,848574333,$640.16,8/15/2020,Chrome/51.0.2704.103
373,666597056,949181788,$730.57,11/13/2020,Chrome/51.0.2704.103
374,413591366,705074176,$192.47,1/21/2021,AppleWebKit/537.36
375,919618674,773557073,$12.68,5/16/2020,AppleWebKit/537.36
376,981923495,030440874,$667.68,4/17/2021,AppleWebKit/537.36
377,411311262,281965733,$789.68,5/14/2020,Safari/537.36
378,065312264,188338414,$906.78,3/28/2021,Mozilla/5.0
379,897788261,704000243,$476.18,2/19/2021,Mozilla/5.0
380,831459146,821352973,$869.23,7/11/2020,AppleWebKit/537.36
381,720635793,057929345,$58.74,3/31/2021,AppleWebKit/537.36
382,605613895,638478114,$800.07,12/17/2020,Chrome/51.0.2704.103
383,991187448,619940925,$2.89,8/5/2020,Mozilla/5.0
384,452423212,371315243,$129.65,2/16/2021,AppleWebKit/537.36
385,717097821,173577956,$406.17,6/4/2020,AppleWebKit/537.36
386,197514835,025523424,$742.35,12/13/2020,AppleWebKit/537.36
387,650108290,073129392,$201.20,3/19/2021,Safari/537.36
388,464546812,043303375,$928.85,10/16/2020,Chrome/51.0.2704.103
389,677961114,865763575,$904.66,2/6/2021,Safari/537.36
390,797633284,803293718,$438.41,5/23/2020,Chrome/51.0.2704.103
391,888780247,228347792,$96.08,11/17/2020,Chrome/51.0.2704.103
392,961317822,151742570,$581.25,4/13/2021,Safari/537.36
393,940182182,576183803,$688.16,12/23/2020,AppleWebKit/537.36
394,046125159,391416435,$48.35,1/9/2021,Mozilla/5.0
395,350268012,020496532,$335.53,2/25/2021,Mozilla/5.0
396,302119168,353172207,$775.31,1/23/2021,Chrome/51.0.2704.103
397,780665797,439291389,$564.13,10/22/2020,Chrome/51.0.2704.103
398,604501110,787868043,$14.05,12/15/2020,Mozilla/5.0
399,590239568,131680010,$968.91,11/17/2020,AppleWebKit/537.36
400,586905266,514621159,$509.55,12/24/2020,Chrome/51.0.2704.103
401,504708953,789000293,$529.04,1/6/2021,AppleWebKit/537.36
402,149022375,709857592,$415.16,11/8/2020,Safari/537.36
403,174672405,596756549,$670.85,5/22/2020,Safari/537.36
404,960185897,142595463,$45.23,10/19/2020,AppleWebKit/537.36
405,829134759,705640216,$546.89,3/15/2021,AppleWebKit/537.36
406,048634686,619188763,$469.09,8/21/2020,Chrome/51.0.2704.103
407,917469351,286685756,$713.31,7/6/2020,Safari/537.36
408,423333326,987361363,$318.02,12/16/2020,AppleWebKit/537.36
409,771498802,947197210,$136.77,6/4/2020,Chrome/51.0.2704.103
410,336370797,889067176,$165.39,11/7/2020,Mozilla/5.0
411,736479541,179280317,$161.27,5/22/2020,AppleWebKit/537.36
412,664455196,864296615,$675.42,6/7/2020,Safari/537.36
413,105169879,316770682,$911.14,2/13/2021,Mozilla/5.0
414,264350906,905116129,$999.55,8/15/2020,AppleWebKit/537.36
415,465969537,111446275,$240.84,1/29/2021,Mozilla/5.0
416,482976386,823724532,$451.00,4/23/2021,AppleWebKit/537.36
417,059095650,620580618,$352.89,1/3/2021,Safari/537.36
418,057431999,798207683,$101.75,11/3/2020,Safari/537.36
419,543983559,409522183,$667.09,11/17/2020,AppleWebKit/537.36
420,199515596,249655079,$790.39,10/18/2020,AppleWebKit/537.36
421,696882277,579455379,$871.10,3/10/2021,Mozilla/5.0
422,436948333,605948216,$256.45,5/8/2021,AppleWebKit/537.36
423,933009871,830362668,$831.65,2/18/2021,AppleWebKit/537.36
424,234359351,332894735,$748.14,8/7/2020,Chrome/51.0.2704.103
425,127165191,023980668,$209.84,4/19/2021,AppleWebKit/537.36
426,457555609,311918627,$109.31,2/16/2021,Safari/537.36
427,595896465,391879428,$824.07,5/19/2020,Safari/537.36
428,868597710,012633377,$140.60,2/11/2021,Chrome/51.0.2704.103
429,029879323,597933150,$132.32,12/20/2020,AppleWebKit/537.36
430,606705696,165828495,$132.66,6/9/2020,Chrome/51.0.2704.103
431,613464787,124510641,$162.64,10/8/2020,Mozilla/5.0
432,332697684,148290941,$965.56,8/14/2020,Chrome/51.0.2704.103
433,778257162,926147575,$118.36,8/24/2020,AppleWebKit/537.36
434,858235015,244641496,$136.92,12/18/2020,Mozilla/5.0
435,866671639,607981761,$59.49,1/1/2021,Safari/537.36
436,150313273,098280888,$389.72,11/13/2020,Chrome/51.0.2704.103
437,427924295,377064813,$419.41,7/14/2020,AppleWebKit/537.36
438,581394558,852981262,$603.29,5/16/2020,Mozilla/5.0
439,822153237,303386645,$504.75,12/9/2020,AppleWebKit/537.36
440,132419491,361149629,$992.49,12/8/2020,Safari/537.36
441,046074015,538687964,$897.42,6/30/2020,Chrome/51.0.2704.103
442,780569780,595162744,$346.83,9/5/2020,Safari/537.36
443,102747750,348196938,$118.57,5/17/2020,Chrome/51.0.2704.103
444,533061853,095684386,$196.38,6/12/2020,AppleWebKit/537.36
445,514297813,899687014,$118.87,11/23/2020,Safari/537.36
446,124663031,423386866,$674.85,8/16/2020,AppleWebKit/537.36
447,168132987,724824841,$15.99,2/18/2021,Safari/537.36
448,041150365,664495445,$949.07,11/19/2020,AppleWebKit/537.36
449,985006956,095094178,$730.96,9/21/2020,AppleWebKit/537.36
450,778513906,874650803,$989.06,2/9/2021,Mozilla/5.0
451,572567424,540724508,$378.55,10/11/2020,Mozilla/5.0
452,358427131,778481025,$137.05,12/11/2020,Mozilla/5.0
453,167149471,925039142,$430.58,12/16/2020,AppleWebKit/537.36
454,152790439,087074414,$850.92,5/13/2020,Mozilla/5.0
455,860323294,121376602,$552.01,10/2/2020,Chrome/51.0.2704.103
456,607497992,162386421,$679.26,8/14/2020,Mozilla/5.0
457,026636064,251028317,$748.08,6/26/2020,Safari/537.36
458,993198149,717553045,$552.73,12/14/2020,Safari/537.36
459,418358199,835703151,$764.87,3/23/2021,AppleWebKit/537.36
460,682064818,621643134,$80.89,7/1/2020,Safari/537.36
461,316285806,585618631,$489.24,10/4/2020,AppleWebKit/537.36
462,202665446,284481849,$485.67,5/25/2020,Chrome/51.0.2704.103
463,788275940,346979311,$126.11,1/10/2021,Safari/537.36
464,372947760,392478991,$702.01,4/27/2021,AppleWebKit/537.36
465,197632508,052362026,$909.01,2/27/2021,Safari/537.36
466,204119091,789949426,$193.76,6/9/2020,AppleWebKit/537.36
467,228535771,255801622,$764.21,9/15/2020,AppleWebKit/537.36
468,468291655,621082022,$858.56,10/16/2020,AppleWebKit/537.36
469,442041541,655975939,$619.02,8/1/2020,AppleWebKit/537.36
470,249929544,088643349,$682.97,4/16/2021,AppleWebKit/537.36
471,168961017,294519777,$257.20,10/3/2020,Mozilla/5.0
472,513501644,305752784,$681.07,10/18/2020,AppleWebKit/537.36
473,135392079,589192997,$860.83,5/1/2021,AppleWebKit/537.36
474,940480763,016831582,$223.39,3/9/2021,Chrome/51.0.2704.103
475,820033164,674012235,$808.01,3/28/2021,Safari/537.36
476,747822503,332367085,$478.94,3/8/2021,AppleWebKit/537.36
477,493785878,023661009,$572.43,7/24/2020,AppleWebKit/537.36
478,668832943,931512442,$121.22,5/2/2021,Safari/537.36
479,239569183,452733712,$70.21,9/13/2020,Chrome/51.0.2704.103
480,603264349,315609088,$516.97,7/22/2020,AppleWebKit/537.36
481,889774591,100871368,$185.76,11/23/2020,Mozilla/5.0
482,686132212,246132237,$283.34,9/15/2020,Chrome/51.0.2704.103
483,404935874,744143564,$829.10,5/17/2020,Chrome/51.0.2704.103
484,896724153,099024693,$466.65,4/16/2021,AppleWebKit/537.36
485,554697017,377925844,$652.43,7/27/2020,Chrome/51.0.2704.103
486,375886747,798652440,$450.59,7/17/2020,Safari/537.36
487,030478769,332375441,$601.31,4/22/2021,Mozilla/5.0
488,496006683,317961165,$113.49,8/14/2020,AppleWebKit/537.36
489,094318774,102873325,$964.82,4/11/2021,AppleWebKit/537.36
490,253792571,902478795,$883.69,1/30/2021,Safari/537.36
491,484794505,863257909,$196.64,6/8/2020,Safari/537.36
492,055687783,249593901,$912.95,11/24/2020,Mozilla/5.0
493,803234823,401577156,$518.87,7/15/2020,Safari/537.36
494,182226188,084102806,$451.13,4/2/2021,Mozilla/5.0
495,735240149,301190904,$302.39,9/19/2020,AppleWebKit/537.36
496,544519577,110580699,$704.47,6/22/2020,Safari/537.36
497,911450738,035959413,$320.42,10/1/2020,Safari/537.36
498,392223935,215872813,$676.02,6/11/2020,Safari/537.36
499,727711552,398904897,$879.06,8/20/2020,AppleWebKit/537.36
500,679549652,418987541,$24.03,8/5/2020,Safari/537.36
501,734485475,580107121,$66.09,11/5/2020,Mozilla/5.0
502,343485414,260316069,$714.75,11/19/2020,Safari/537.36
503,890797304,602270945,$604.67,5/2/2021,Chrome/51.0.2704.103
504,733986002,432995575,$579.16,6/18/2020,Safari/537.36
505,495745369,642494735,$353.28,3/15/2021,AppleWebKit/537.36
506,783936498,282908878,$380.40,8/1/2020,Mozilla/5.0
507,698199507,717141173,$499.92,10/15/2020,Mozilla/5.0
508,734312725,771346808,$692.83,11/26/2020,Safari/537.36
509,689839462,521949797,$688.97,6/29/2020,Safari/537.36
510,449881188,069597512,$647.16,6/16/2020,Mozilla/5.0
511,159233970,943729951,$303.51,5/14/2020,Safari/537.36
512,015299603,719595949,$691.54,9/19/2020,Mozilla/5.0
513,069636665,650927807,$232.08,3/19/2021,AppleWebKit/537.36
514,479406181,553120659,$427.72,5/20/2020,Safari/537.36
515,692067263,722696400,$977.26,8/29/2020,Mozilla/5.0
516,554968450,305090014,$317.15,12/15/2020,Mozilla/5.0
517,926767698,664182820,$153.77,6/12/2020,Safari/537.36
518,357408549,582183431,$805.59,12/6/2020,Safari/537.36
519,671375614,435281503,$235.72,3/22/2021,AppleWebKit/537.36
520,865707002,859011896,$164.50,3/2/2021,Mozilla/5.0
521,313242333,008189793,$815.16,6/20/2020,AppleWebKit/537.36
522,285588584,106397142,$180.17,10/21/2020,Chrome/51.0.2704.103
523,242637455,455205594,$672.59,7/8/2020,Mozilla/5.0
524,465934697,236807469,$671.90,11/13/2020,Safari/537.36
525,337135943,472379510,$125.21,6/16/2020,Mozilla/5.0
526,459202755,245676283,$917.70,3/8/2021,Mozilla/5.0
527,911973238,205258794,$134.32,7/6/2020,Safari/537.36
528,049244500,949073869,$157.92,6/28/2020,Safari/537.36
529,957991222,407103542,$694.73,4/15/2021,Safari/537.36
530,322151990,551426771,$96.19,6/19/2020,Mozilla/5.0
531,403700024,455506153,$112.33,3/5/2021,Mozilla/5.0
532,063474468,514393255,$928.34,10/6/2020,Mozilla/5.0
533,299263233,509511028,$585.49,3/20/2021,Chrome/51.0.2704.103
534,006874251,360937545,$653.07,6/11/2020,AppleWebKit/537.36
535,455277040,825820644,$138.01,1/31/2021,Safari/537.36
536,227482211,135100787,$532.25,4/28/2021,Safari/537.36
537,518272014,141129725,$902.09,2/14/2021,AppleWebKit/537.36
538,995902942,779160197,$217.37,6/18/2020,Safari/537.36
539,543070168,966186362,$131.71,10/15/2020,AppleWebKit/537.36
540,253951704,882296325,$385.79,5/17/2020,AppleWebKit/537.36
541,180696205,494162309,$462.86,6/29/2020,AppleWebKit/537.36
542,752792720,889234439,$219.88,12/19/2020,Mozilla/5.0
543,755873198,555727473,$306.58,10/12/2020,Chrome/51.0.2704.103
544,420828096,196621827,$125.13,4/3/2021,Mozilla/5.0
545,410858905,669523208,$443.94,5/24/2020,Safari/537.36
546,980195912,819775778,$18.60,4/9/2021,Chrome/51.0.2704.103
547,438455621,885168024,$638.72,8/18/2020,AppleWebKit/537.36
548,353516916,250640751,$668.33,9/24/2020,AppleWebKit/537.36
549,623278251,243207366,$773.86,12/4/2020,Mozilla/5.0
550,744466248,891973993,$472.70,10/27/2020,Safari/537.36
551,426456216,624744759,$713.62,4/2/2021,Mozilla/5.0
552,412354225,507141613,$933.95,3/5/2021,AppleWebKit/537.36
553,683142174,432127548,$20.72,6/6/2020,Mozilla/5.0
554,899828525,618634641,$605.62,1/1/2021,AppleWebKit/537.36
555,742867874,053912502,$376.98,4/28/2021,Mozilla/5.0
556,725934603,949683523,$868.66,6/22/2020,Safari/537.36
557,492622102,910735970,$813.13,11/9/2020,Safari/537.36
558,973306219,587000532,$366.27,7/10/2020,Mozilla/5.0
559,082000320,590519726,$546.72,11/4/2020,Chrome/51.0.2704.103
560,593654823,649591913,$143.11,2/13/2021,Mozilla/5.0
561,900613494,228493307,$347.18,1/14/2021,AppleWebKit/537.36
562,146454146,150580573,$582.67,9/22/2020,AppleWebKit/537.36
563,611370980,680553008,$428.46,7/8/2020,Chrome/51.0.2704.103
564,936952427,872793972,$204.27,12/4/2020,AppleWebKit/537.36
565,943044262,465495733,$287.46,2/5/2021,Chrome/51.0.2704.103
566,940767922,432603352,$483.62,11/13/2020,AppleWebKit/537.36
567,737311469,998714904,$155.35,5/19/2020,AppleWebKit/537.36
568,560244836,649636876,$644.69,4/15/2021,Chrome/51.0.2704.103
569,199150479,305952016,$36.68,3/17/2021,Safari/537.36
570,776170691,756351160,$243.64,6/10/2020,Safari/537.36
571,801520045,389603885,$588.07,12/8/2020,Safari/537.36
572,335298984,233241026,$522.48,10/1/2020,Chrome/51.0.2704.103
573,994614949,656004604,$481.09,7/18/2020,Safari/537.36
574,711856307,295129747,$317.87,9/9/2020,AppleWebKit/537.36
575,043833940,477022748,$606.20,12/8/2020,Safari/537.36
576,363986375,277592857,$531.91,10/4/2020,AppleWebKit/537.36
577,787747427,995308949,$798.05,1/2/2021,Safari/537.36
578,241243538,853170653,$803.47,5/2/2021,Safari/537.36
579,418358074,515952819,$987.84,5/15/2020,Safari/537.36
580,231362879,907777346,$434.11,7/6/2020,AppleWebKit/537.36
581,511070249,831632928,$818.29,11/21/2020,Chrome/51.0.2704.103
582,581011391,072196107,$44.54,9/7/2020,AppleWebKit/537.36
583,999731789,028916308,$91.72,2/26/2021,Safari/537.36
584,436945544,098583512,$827.13,1/28/2021,Mozilla/5.0
585,869969022,553694329,$954.83,4/12/2021,Chrome/51.0.2704.103
586,054550668,427759269,$875.27,6/13/2020,Chrome/51.0.2704.103
587,907899551,896394005,$93.60,11/27/2020,Mozilla/5.0
588,173276093,563474749,$33.88,10/20/2020,Chrome/51.0.2704.103
589,632651451,027478088,$56.39,7/12/2020,Mozilla/5.0
590,499185346,250981880,$217.54,2/3/2021,Safari/537.36
591,482472378,371543840,$899.26,1/13/2021,AppleWebKit/537.36
592,172136849,818731586,$395.29,7/27/2020,AppleWebKit/537.36
593,744673516,676818003,$795.69,6/17/2020,AppleWebKit/537.36
594,496408902,177361122,$316.76,11/25/2020,Safari/537.36
595,614308213,173960659,$972.68,6/19/2020,Chrome/51.0.2704.103
596,864123744,848354856,$484.82,1/25/2021,Chrome/51.0.2704.103
597,000803480,091788359,$299.83,8/24/2020,Safari/537.36
598,284637947,752085276,$930.08,8/13/2020,Chrome/51.0.2704.103
599,324461553,055607030,$388.86,3/19/2021,Mozilla/5.0
600,349062113,055512745,$840.82,9/30/2020,Chrome/51.0.2704.103
601,492237130,728922180,$541.79,9/5/2020,Safari/537.36
602,580566731,776785536,$3.73,10/3/2020,Chrome/51.0.2704.103
603,111260211,052600461,$547.34,1/25/2021,Mozilla/5.0
604,008073568,854424725,$876.07,1/9/2021,Safari/537.36
605,969906459,334967138,$591.42,2/15/2021,AppleWebKit/537.36
606,908123205,810394839,$145.23,7/31/2020,Mozilla/5.0
607,166303847,070854897,$149.52,5/20/2020,AppleWebKit/537.36
608,306566839,716531519,$919.79,9/15/2020,Mozilla/5.0
609,987390242,908081900,$793.25,3/28/2021,AppleWebKit/537.36
610,441772628,828024245,$995.11,2/6/2021,Mozilla/5.0
611,334519619,002007717,$976.27,4/21/2021,Safari/537.36
612,655963292,919870987,$693.76,6/5/2020,Mozilla/5.0
613,897604557,463455342,$110.27,2/24/2021,Chrome/51.0.2704.103
614,739032255,277728155,$537.45,3/6/2021,Chrome/51.0.2704.103
615,567732620,644319452,$816.51,1/8/2021,Safari/537.36
616,405781667,542622410,$118.50,11/8/2020,Chrome/51.0.2704.103
617,426602342,382658516,$210.77,11/6/2020,AppleWebKit/537.36
618,454778647,330625371,$760.63,10/13/2020,Mozilla/5.0
619,782682930,984298449,$749.69,11/16/2020,AppleWebKit/537.36
620,116962620,104254253,$5.10,7/6/2020,Mozilla/5.0
621,767804299,205272353,$512.52,5/9/2020,Mozilla/5.0
622,222699083,480043386,$790.81,5/11/2020,Mozilla/5.0
623,759224684,142841192,$872.30,5/15/2020,AppleWebKit/537.36
624,539091981,958724584,$434.11,10/2/2020,Safari/537.36
625,029321195,033242531,$125.09,10/27/2020,Safari/537.36
626,331583786,079141004,$608.11,12/13/2020,Safari/537.36
627,849669043,988737666,$779.43,11/24/2020,AppleWebKit/537.36
628,370055326,778829263,$855.64,7/7/2020,AppleWebKit/537.36
629,881791472,812595891,$153.88,1/13/2021,Chrome/51.0.2704.103
630,961147957,304223978,$707.87,4/8/2021,Mozilla/5.0
631,322515581,515254072,$729.92,12/16/2020,Chrome/51.0.2704.103
632,917355830,952451426,$580.81,7/31/2020,Mozilla/5.0
633,294055850,867214141,$782.06,5/5/2021,Mozilla/5.0
634,413595762,964058689,$917.33,5/19/2020,Chrome/51.0.2704.103
635,389629201,846348849,$729.88,9/30/2020,AppleWebKit/537.36
636,237007603,928332968,$696.37,12/22/2020,AppleWebKit/537.36
637,659878454,266478333,$70.91,9/18/2020,Mozilla/5.0
638,638203212,410432868,$396.23,8/23/2020,Chrome/51.0.2704.103
639,777036378,712156953,$88.24,12/23/2020,Safari/537.36
640,216207490,655832117,$227.70,9/6/2020,Chrome/51.0.2704.103
641,174108000,056640534,$913.37,5/30/2020,Safari/537.36
642,588403402,831710810,$42.71,8/30/2020,Safari/537.36
643,829603812,708494143,$861.18,2/22/2021,Safari/537.36
644,046911404,362908982,$74.23,2/1/2021,Mozilla/5.0
645,074061249,087340123,$566.41,11/24/2020,Safari/537.36
646,573985154,792906200,$56.84,11/1/2020,Chrome/51.0.2704.103
647,030300691,074774507,$66.40,2/13/2021,Chrome/51.0.2704.103
648,577607158,913933586,$107.65,2/4/2021,AppleWebKit/537.36
649,260076730,815843824,$778.80,10/30/2020,Mozilla/5.0
650,752739088,943571663,$947.33,2/8/2021,Safari/537.36
651,983280712,840149869,$565.98,4/1/2021,AppleWebKit/537.36
652,681018837,252989602,$146.59,12/27/2020,Safari/537.36
653,712090697,824873802,$748.67,8/19/2020,AppleWebKit/537.36
654,522880874,750086632,$111.45,9/28/2020,Mozilla/5.0
655,408644212,228893875,$791.21,7/3/2020,Chrome/51.0.2704.103
656,452554615,301901351,$723.88,1/17/2021,AppleWebKit/537.36
657,273330544,177847210,$280.53,5/16/2020,Mozilla/5.0
658,382523487,476584151,$872.83,6/17/2020,Safari/537.36
659,810029484,374160810,$776.65,4/3/2021,Chrome/51.0.2704.103
660,306811711,375017711,$615.25,8/2/2020,AppleWebKit/537.36
661,622604541,604568839,$868.99,8/29/2020,Mozilla/5.0
662,727917095,408273608,$780.46,12/24/2020,Safari/537.36
663,852589320,833700497,$54.47,4/3/2021,Safari/537.36
664,560164627,367019420,$177.88,7/4/2020,AppleWebKit/537.36
665,264109002,376034795,$829.75,10/6/2020,Safari/537.36
666,826078905,536274245,$834.84,9/22/2020,Chrome/51.0.2704.103
667,241828514,430760166,$132.67,7/26/2020,Chrome/51.0.2704.103
668,702015226,178088250,$435.44,10/27/2020,Chrome/51.0.2704.103
669,958297627,021063278,$115.21,9/9/2020,Chrome/51.0.2704.103
670,144111544,052971272,$750.41,6/29/2020,AppleWebKit/537.36
671,544370507,288146504,$483.42,7/27/2020,AppleWebKit/537.36
672,989546624,315407332,$344.36,6/14/2020,Chrome/51.0.2704.103
673,442394482,948404051,$567.67,11/11/2020,Mozilla/5.0
674,306487747,416712149,$365.11,7/31/2020,AppleWebKit/537.36
675,177017023,951037336,$562.25,10/9/2020,Safari/537.36
676,393794777,120247802,$765.86,4/20/2021,Safari/537.36
677,118871130,613143817,$406.22,8/7/2020,Chrome/51.0.2704.103
678,914692011,411113400,$771.33,4/13/2021,Safari/537.36
679,462221129,730467141,$193.97,12/31/2020,Chrome/51.0.2704.103
680,493931518,989436221,$719.10,7/17/2020,Safari/537.36
681,171023816,738407105,$459.78,4/5/2021,AppleWebKit/537.36
682,720441191,007806282,$48.98,1/7/2021,Chrome/51.0.2704.103
683,780364159,167702783,$723.12,8/7/2020,Safari/537.36
684,780978784,682173920,$841.99,12/19/2020,AppleWebKit/537.36
685,822550350,419011256,$15.61,9/27/2020,AppleWebKit/537.36
686,545477691,317949190,$424.48,9/10/2020,AppleWebKit/537.36
687,412897635,910811906,$739.43,12/28/2020,Mozilla/5.0
688,965266826,309368877,$115.89,7/26/2020,AppleWebKit/537.36
689,331193541,880207411,$316.46,11/20/2020,Chrome/51.0.2704.103
690,820321470,781568373,$637.55,2/12/2021,Mozilla/5.0
691,812397365,225719434,$960.88,7/6/2020,Chrome/51.0.2704.103
692,443353188,111135410,$507.67,12/26/2020,AppleWebKit/537.36
693,562852438,628931349,$149.27,5/13/2020,Mozilla/5.0
694,305121213,940986599,$481.79,5/30/2020,AppleWebKit/537.36
695,865336338,153240769,$347.60,5/14/2020,Mozilla/5.0
696,202199536,530254391,$743.43,11/20/2020,Mozilla/5.0
697,684482994,546420322,$201.72,11/14/2020,Chrome/51.0.2704.103
698,978063093,311694582,$401.20,3/5/2021,Mozilla/5.0
699,710042746,941819137,$929.15,12/10/2020,AppleWebKit/537.36
700,498801088,223737189,$726.28,8/22/2020,AppleWebKit/537.36
701,082060978,111393535,$403.87,4/3/2021,Mozilla/5.0
702,523919973,481097591,$964.39,5/5/2021,Mozilla/5.0
703,843833256,015381690,$497.56,6/8/2020,AppleWebKit/537.36
704,349544960,116596793,$498.82,2/2/2021,Safari/537.36
705,910331752,411904301,$16.70,2/8/2021,Mozilla/5.0
706,809023948,553297434,$98.00,1/23/2021,Chrome/51.0.2704.103
707,361235491,836542408,$162.66,8/20/2020,Safari/537.36
708,022574377,782716292,$731.17,6/21/2020,Chrome/51.0.2704.103
709,291335794,524754272,$437.72,3/8/2021,Safari/537.36
710,004011867,216018752,$9.33,9/26/2020,Chrome/51.0.2704.103
711,454127990,927942809,$613.01,6/2/2020,AppleWebKit/537.36
712,342285362,810524766,$782.16,4/1/2021,AppleWebKit/537.36
713,047988608,777101903,$590.19,10/4/2020,AppleWebKit/537.36
714,188763288,704104912,$203.73,9/3/2020,AppleWebKit/537.36
715,308743003,911299452,$710.57,2/14/2021,Safari/537.36
716,159982424,244181524,$595.53,1/16/2021,Chrome/51.0.2704.103
717,051399532,977639307,$400.91,5/16/2020,AppleWebKit/537.36
718,430062965,179636800,$426.12,1/4/2021,AppleWebKit/537.36
719,540832028,721165662,$27.92,12/6/2020,AppleWebKit/537.36
720,670219250,383625452,$902.59,1/11/2021,Safari/537.36
721,678108155,382021372,$862.37,9/2/2020,Chrome/51.0.2704.103
722,662585352,898992226,$307.51,2/26/2021,Chrome/51.0.2704.103
723,786741524,613695614,$762.91,12/15/2020,Safari/537.36
724,937608024,290245096,$799.86,11/27/2020,Safari/537.36
725,453682420,741831448,$414.63,12/29/2020,AppleWebKit/537.36
726,206005871,033892404,$553.19,9/2/2020,Chrome/51.0.2704.103
727,496184158,098598662,$856.18,5/8/2021,Safari/537.36
728,924560316,187456291,$80.23,8/27/2020,Mozilla/5.0
729,637158166,800252484,$979.91,3/2/2021,Mozilla/5.0
730,836770128,199505343,$488.76,12/7/2020,Safari/537.36
731,128479159,086969389,$245.02,11/9/2020,Safari/537.36
732,534819623,016321725,$841.88,12/28/2020,Mozilla/5.0
733,081125238,475913270,$907.06,10/21/2020,Safari/537.36
734,288266900,561006071,$390.96,2/24/2021,Chrome/51.0.2704.103
735,919829925,137887183,$462.40,7/13/2020,Mozilla/5.0
736,343567948,615472417,$227.56,4/8/2021,Chrome/51.0.2704.103
737,327638402,380644356,$603.39,3/23/2021,Chrome/51.0.2704.103
738,321740993,750999256,$136.49,4/28/2021,Safari/537.36
739,551181420,503118946,$737.92,7/25/2020,Mozilla/5.0
740,946765620,294614301,$933.95,7/6/2020,AppleWebKit/537.36
741,451619219,263154007,$762.23,3/23/2021,AppleWebKit/537.36
742,686897275,315559324,$122.24,7/31/2020,Chrome/51.0.2704.103
743,598513305,722521027,$689.21,8/17/2020,Chrome/51.0.2704.103
744,964732852,483476707,$49.48,3/2/2021,Chrome/51.0.2704.103
745,176351947,135713586,$879.23,12/18/2020,Mozilla/5.0
746,686526177,169641562,$602.00,1/5/2021,Mozilla/5.0
747,811732815,349773147,$350.26,2/4/2021,Chrome/51.0.2704.103
748,323716263,845898459,$338.84,4/17/2021,Mozilla/5.0
749,983453409,660034249,$869.17,6/24/2020,Chrome/51.0.2704.103
750,678514227,894780872,$802.05,3/18/2021,AppleWebKit/537.36
751,602671853,328875161,$363.44,12/6/2020,Mozilla/5.0
752,097071763,930514119,$312.09,7/9/2020,Mozilla/5.0
753,408586826,496907356,$224.86,3/24/2021,AppleWebKit/537.36
754,009792899,197798083,$386.43,12/28/2020,Chrome/51.0.2704.103
755,275995968,998762708,$248.13,9/17/2020,Mozilla/5.0
756,592806408,996521302,$402.13,9/26/2020,Mozilla/5.0
757,770774652,711384273,$8.08,3/6/2021,Chrome/51.0.2704.103
758,900637283,534460417,$657.15,9/11/2020,Mozilla/5.0
759,323167032,062690080,$517.41,9/21/2020,AppleWebKit/537.36
760,738902165,943355611,$531.15,2/13/2021,AppleWebKit/537.36
761,744587795,823065771,$289.27,12/3/2020,Mozilla/5.0
762,159480071,641768710,$660.10,8/16/2020,Mozilla/5.0
763,035512936,291184713,$905.97,5/15/2020,Mozilla/5.0
764,874069782,466617586,$414.28,8/5/2020,Chrome/51.0.2704.103
765,532695273,643848754,$525.87,4/5/2021,AppleWebKit/537.36
766,524152091,292469964,$849.05,12/16/2020,Chrome/51.0.2704.103
767,060360228,133275046,$99.12,11/7/2020,Chrome/51.0.2704.103
768,287401562,764337988,$780.30,8/27/2020,Safari/537.36
769,309655680,172068788,$669.61,1/25/2021,Safari/537.36
770,201028382,857160035,$582.27,7/7/2020,Chrome/51.0.2704.103
771,218566665,223480985,$90.68,4/27/2021,Safari/537.36
772,007766285,219666378,$892.42,12/25/2020,Safari/537.36
773,939081846,364651809,$822.05,6/11/2020,Chrome/51.0.2704.103
774,947718013,153585670,$468.52,1/28/2021,Chrome/51.0.2704.103
775,983466088,206547878,$290.01,6/23/2020,Mozilla/5.0
776,746233647,497076920,$972.67,4/17/2021,Safari/537.36
777,500657390,439551756,$827.71,5/14/2020,Mozilla/5.0
778,986623667,973701188,$40.30,3/12/2021,Mozilla/5.0
779,309927049,737615646,$611.99,2/28/2021,Safari/537.36
780,952975193,483217829,$642.48,7/27/2020,AppleWebKit/537.36
781,396003721,935401056,$327.20,4/13/2021,Mozilla/5.0
782,824587182,164981710,$421.43,12/30/2020,Safari/537.36
783,909904317,268892993,$157.13,4/19/2021,Safari/537.36
784,671996836,353552530,$838.60,7/14/2020,Safari/537.36
785,262925472,020690930,$673.07,12/4/2020,Safari/537.36
786,298314440,652668143,$113.57,7/31/2020,Safari/537.36
787,149110547,330816434,$415.61,10/5/2020,AppleWebKit/537.36
788,499019885,934794024,$958.56,7/21/2020,Chrome/51.0.2704.103
789,113538570,193191899,$511.33,10/24/2020,Mozilla/5.0
790,028098439,924437140,$351.62,11/28/2020,Mozilla/5.0
791,018353161,858374272,$520.37,12/14/2020,AppleWebKit/537.36
792,531658280,981702205,$667.62,3/17/2021,AppleWebKit/537.36
793,902430941,424818503,$70.93,2/25/2021,Mozilla/5.0
794,383140314,958362934,$186.35,10/29/2020,Mozilla/5.0
795,182075686,699284845,$328.17,7/23/2020,AppleWebKit/537.36
796,356183484,273927038,$860.90,6/4/2020,Chrome/51.0.2704.103
797,292428772,018326927,$661.74,4/27/2021,Mozilla/5.0
798,939733849,529037464,$229.15,2/22/2021,Mozilla/5.0
799,343830720,482767346,$130.72,8/24/2020,Safari/537.36
800,102249318,709161956,$48.91,5/25/2020,Safari/537.36
801,271812205,548228774,$843.27,4/19/2021,Safari/537.36
802,354942180,020824782,$63.21,8/26/2020,Mozilla/5.0
803,030527153,173595199,$112.12,7/13/2020,Mozilla/5.0
804,298990941,015271233,$758.11,9/26/2020,Safari/537.36
805,623561288,411654777,$786.10,11/29/2020,Safari/537.36
806,273129346,726035246,$386.91,12/10/2020,AppleWebKit/537.36
807,848859596,931241884,$725.44,9/21/2020,Safari/537.36
808,446519135,477731149,$799.91,6/27/2020,Safari/537.36
809,006199368,075745831,$264.06,6/22/2020,Chrome/51.0.2704.103
810,070306053,105328056,$437.42,6/10/2020,Safari/537.36
811,796731733,384069605,$304.21,7/19/2020,Chrome/51.0.2704.103
812,729520378,403310672,$791.04,7/1/2020,Chrome/51.0.2704.103
813,924918524,764671860,$69.68,11/28/2020,AppleWebKit/537.36
814,148615153,115748875,$584.40,3/24/2021,Safari/537.36
815,147984063,884104420,$94.85,6/2/2020,Mozilla/5.0
816,695551765,004826094,$560.74,12/16/2020,Mozilla/5.0
817,487660443,849442737,$429.47,6/25/2020,Chrome/51.0.2704.103
818,612982345,676340488,$582.90,1/3/2021,Safari/537.36
819,538124646,365214519,$867.43,2/12/2021,AppleWebKit/537.36
820,913434141,535259939,$160.12,9/7/2020,Mozilla/5.0
821,382944020,990329658,$818.62,4/30/2021,AppleWebKit/537.36
822,560486745,231845238,$2.41,8/3/2020,AppleWebKit/537.36
823,989842467,025315508,$11.18,10/17/2020,Safari/537.36
824,957269532,905422672,$106.66,5/27/2020,Safari/537.36
825,707829180,059104914,$801.17,1/13/2021,Mozilla/5.0
826,898359041,075913916,$514.60,2/16/2021,Safari/537.36
827,583739466,986831007,$89.59,7/2/2020,AppleWebKit/537.36
828,207394161,659883893,$583.73,6/26/2020,Chrome/51.0.2704.103
829,103751488,254772546,$46.59,10/7/2020,Chrome/51.0.2704.103
830,439775710,260838425,$917.61,10/18/2020,Mozilla/5.0
831,505798040,568536983,$76.83,2/2/2021,AppleWebKit/537.36
832,780158386,446443881,$995.60,11/21/2020,AppleWebKit/537.36
833,954475851,656885900,$363.15,1/28/2021,Safari/537.36
834,403174161,924567304,$131.33,1/21/2021,Safari/537.36
835,072276937,565027124,$345.28,12/27/2020,Safari/537.36
836,859181043,914393345,$319.05,9/7/2020,Safari/537.36
837,880443219,200702614,$343.03,11/9/2020,AppleWebKit/537.36
838,159892739,082168507,$259.48,5/29/2020,AppleWebKit/537.36
839,356279553,891184169,$947.56,4/19/2021,Chrome/51.0.2704.103
840,356356720,913760791,$447.79,10/2/2020,Safari/537.36
841,730045981,065581301,$172.34,7/24/2020,AppleWebKit/537.36
842,374320415,429401007,$887.10,8/10/2020,Safari/537.36
843,199530476,802016146,$20.06,5/26/2020,Chrome/51.0.2704.103
844,299992287,191800507,$444.18,5/25/2020,Mozilla/5.0
845,227464716,941049723,$288.93,1/5/2021,Safari/537.36
846,901865837,968443807,$97.38,12/24/2020,AppleWebKit/537.36
847,904034930,637190336,$466.11,9/7/2020,AppleWebKit/537.36
848,113341429,232357583,$670.25,10/27/2020,Mozilla/5.0
849,533449861,562487701,$964.10,12/11/2020,Mozilla/5.0
850,874098765,884568144,$206.47,7/6/2020,Mozilla/5.0
851,580581718,429676198,$813.71,2/17/2021,Safari/537.36
852,065884564,243017899,$7.57,4/13/2021,Mozilla/5.0
853,449554016,113003343,$598.79,6/5/2020,Chrome/51.0.2704.103
854,149469254,083093878,$595.56,1/20/2021,Safari/537.36
855,200678306,956081173,$712.61,12/8/2020,Safari/537.36
856,175725851,721387689,$408.17,11/10/2020,AppleWebKit/537.36
857,812286712,678152867,$913.09,3/14/2021,AppleWebKit/537.36
858,934438916,034742006,$294.15,9/1/2020,Safari/537.36
859,234281929,315534985,$485.94,5/6/2021,Safari/537.36
860,961505409,890422565,$257.02,12/12/2020,Chrome/51.0.2704.103
861,947583946,972325136,$193.71,4/2/2021,Safari/537.36
862,251636957,974469761,$245.72,12/4/2020,Mozilla/5.0
863,972673844,523391608,$788.88,6/12/2020,Safari/537.36
864,055342964,260588876,$819.45,1/5/2021,Mozilla/5.0
865,467035019,021298542,$187.67,9/12/2020,Mozilla/5.0
866,791362583,607001918,$685.17,5/8/2021,Safari/537.36
867,772679950,019915618,$618.83,9/19/2020,AppleWebKit/537.36
868,166233341,429820507,$508.34,12/14/2020,Mozilla/5.0
869,467876715,197489598,$220.36,5/5/2021,Mozilla/5.0
870,253212945,250552646,$332.71,2/6/2021,AppleWebKit/537.36
871,920036535,337818018,$74.15,9/15/2020,Mozilla/5.0
872,842047378,228853892,$674.70,10/8/2020,Chrome/51.0.2704.103
873,539687680,048663923,$231.29,6/21/2020,Safari/537.36
874,316693245,423169684,$466.50,12/30/2020,Mozilla/5.0
875,797974180,669658035,$43.05,5/14/2020,AppleWebKit/537.36
876,779875313,479256950,$542.64,10/25/2020,Safari/537.36
877,271535301,491860913,$44.64,4/3/2021,Chrome/51.0.2704.103
878,340930058,136627074,$966.15,12/12/2020,Mozilla/5.0
879,810695845,868066522,$166.12,2/26/2021,Safari/537.36
880,437413710,424816243,$13.26,9/30/2020,Mozilla/5.0
881,231539470,649428440,$353.02,6/16/2020,AppleWebKit/537.36
882,879509322,245337649,$739.52,6/5/2020,Chrome/51.0.2704.103
883,753363053,644282736,$436.70,8/25/2020,AppleWebKit/537.36
884,548586058,243999394,$195.20,7/28/2020,Chrome/51.0.2704.103
885,106787433,849229480,$87.27,7/15/2020,Chrome/51.0.2704.103
886,651538146,550829201,$53.76,2/12/2021,Safari/537.36
887,137872302,615154423,$369.93,10/24/2020,Mozilla/5.0
888,097724177,493030922,$599.71,12/27/2020,AppleWebKit/537.36
889,170448237,700886119,$54.21,12/10/2020,AppleWebKit/537.36
890,733344958,173575753,$494.94,11/9/2020,AppleWebKit/537.36
891,732216384,497003372,$875.13,1/4/2021,Safari/537.36
892,233723160,908197803,$884.07,4/20/2021,Mozilla/5.0
893,788258928,489836820,$51.93,2/21/2021,AppleWebKit/537.36
894,212522741,970612150,$328.02,9/25/2020,Chrome/51.0.2704.103
895,441129598,173512959,$454.85,11/22/2020,Mozilla/5.0
896,759420112,775012102,$363.71,11/20/2020,Safari/537.36
897,734605083,191427419,$348.74,1/7/2021,Safari/537.36
898,624712392,275992732,$135.45,7/25/2020,Mozilla/5.0
899,630128356,766014536,$731.39,11/21/2020,Safari/537.36
900,573164373,574134511,$47.69,11/23/2020,AppleWebKit/537.36
901,840423345,834046801,$272.75,12/10/2020,AppleWebKit/537.36
902,488148105,966136552,$974.01,9/1/2020,AppleWebKit/537.36
903,446087429,988366178,$634.38,7/6/2020,Safari/537.36
904,674095148,633815701,$379.45,9/17/2020,Mozilla/5.0
905,944081977,495863667,$318.93,4/12/2021,Safari/537.36
906,022192630,083747751,$145.04,1/27/2021,AppleWebKit/537.36
907,568116143,545821435,$549.76,5/15/2020,Mozilla/5.0
908,189993193,371123124,$477.91,2/7/2021,Mozilla/5.0
909,124331239,085061061,$560.13,3/25/2021,Chrome/51.0.2704.103
910,362848553,467795839,$788.13,6/25/2020,Mozilla/5.0
911,033188028,795606209,$767.76,6/11/2020,Mozilla/5.0
912,870466761,953168980,$875.75,3/25/2021,Safari/537.36
913,453690152,793767456,$823.83,11/10/2020,Chrome/51.0.2704.103
914,272907889,823375239,$62.31,12/8/2020,Mozilla/5.0
915,718885413,128170409,$869.94,7/19/2020,AppleWebKit/537.36
916,354551024,797619596,$465.21,11/16/2020,Mozilla/5.0
917,447813751,534447645,$106.94,2/16/2021,Chrome/51.0.2704.103
918,404058662,695371330,$17.91,12/1/2020,Chrome/51.0.2704.103
919,248220244,171436989,$703.09,7/17/2020,Safari/537.36
920,387405853,535226934,$777.00,3/13/2021,Safari/537.36
921,213898741,771710887,$899.14,12/15/2020,Mozilla/5.0
922,621065181,049687253,$622.14,3/1/2021,Mozilla/5.0
923,030110123,516024602,$876.08,3/16/2021,Safari/537.36
924,467476243,383509749,$569.49,8/31/2020,Mozilla/5.0
925,516926960,425382769,$207.84,5/29/2020,Safari/537.36
926,784788622,651300371,$135.92,2/19/2021,Safari/537.36
927,166621748,956550276,$982.50,1/28/2021,Chrome/51.0.2704.103
928,356267143,075505407,$190.94,6/2/2020,Mozilla/5.0
929,199483446,195248747,$147.32,11/27/2020,Safari/537.36
930,935052341,199349600,$526.13,3/26/2021,Chrome/51.0.2704.103
931,286234867,570226317,$165.95,8/16/2020,AppleWebKit/537.36
932,931252735,375672540,$354.93,4/2/2021,Mozilla/5.0
933,766622458,567914887,$320.56,2/13/2021,Safari/537.36
934,538098895,513293015,$610.82,10/15/2020,Mozilla/5.0
935,920315891,636393868,$442.66,8/13/2020,Safari/537.36
936,575164934,087955059,$952.37,11/22/2020,AppleWebKit/537.36
937,086408195,247026181,$382.38,3/1/2021,AppleWebKit/537.36
938,421872110,169367947,$595.69,9/13/2020,Mozilla/5.0
939,402353110,247055352,$48.20,10/9/2020,Chrome/51.0.2704.103
940,969917213,080667466,$520.08,6/30/2020,AppleWebKit/537.36
941,489260149,612750245,$837.37,9/26/2020,Mozilla/5.0
942,431249896,915860746,$856.05,1/11/2021,Safari/537.36
943,256874695,815333153,$43.10,1/20/2021,AppleWebKit/537.36
944,835709850,330017162,$538.18,6/25/2020,Chrome/51.0.2704.103
945,193088428,762582510,$19.56,7/6/2020,AppleWebKit/537.36
946,834220646,279922414,$250.11,12/28/2020,Mozilla/5.0
947,496893110,184563451,$493.23,7/12/2020,Safari/537.36
948,335225005,482325160,$128.82,9/3/2020,AppleWebKit/537.36
949,995732056,009874610,$884.61,5/21/2020,AppleWebKit/537.36
950,409143039,710359653,$918.10,12/3/2020,AppleWebKit/537.36
951,637234838,245136029,$946.10,10/6/2020,Safari/537.36
952,795731227,899103924,$863.52,4/6/2021,Mozilla/5.0
953,458265986,049712251,$466.00,7/19/2020,Mozilla/5.0
954,743190234,750212035,$401.34,2/22/2021,Mozilla/5.0
955,035359181,159748902,$795.34,5/18/2020,Chrome/51.0.2704.103
956,467644426,400538487,$972.83,7/11/2020,AppleWebKit/537.36
957,449204999,848410082,$569.97,8/20/2020,Mozilla/5.0
958,950124017,960009544,$543.68,10/10/2020,Chrome/51.0.2704.103
959,436417740,730202612,$570.54,1/5/2021,Safari/537.36
960,680925345,447249545,$409.48,3/21/2021,AppleWebKit/537.36
961,767923253,343190979,$283.25,5/18/2020,Mozilla/5.0
962,949397653,764011411,$790.14,7/30/2020,Mozilla/5.0
963,530096908,605988459,$945.76,2/14/2021,Mozilla/5.0
964,641030260,959313670,$188.57,7/5/2020,Chrome/51.0.2704.103
965,028964423,519589273,$489.32,4/3/2021,AppleWebKit/537.36
966,026821702,750686490,$462.01,3/13/2021,Mozilla/5.0
967,437748180,144464335,$473.86,3/22/2021,Mozilla/5.0
968,709427315,615782816,$505.34,11/26/2020,Mozilla/5.0
969,682030568,416662958,$780.92,5/28/2020,Safari/537.36
970,472922230,359268287,$932.30,4/29/2021,Mozilla/5.0
971,595427870,131365913,$422.07,9/25/2020,Mozilla/5.0
972,171388629,106661415,$233.73,8/17/2020,AppleWebKit/537.36
973,624595380,404730891,$252.70,5/2/2021,Safari/537.36
974,012455736,306975315,$192.78,1/27/2021,Safari/537.36
975,925122396,619151816,$986.02,7/18/2020,AppleWebKit/537.36
976,455776755,455896877,$829.96,8/3/2020,Chrome/51.0.2704.103
977,964020188,763380705,$75.26,7/28/2020,Mozilla/5.0
978,879673347,381314182,$348.01,7/28/2020,Mozilla/5.0
979,212687081,945113147,$578.86,5/8/2021,Mozilla/5.0
980,930142326,440871641,$906.92,11/11/2020,Chrome/51.0.2704.103
981,782463513,826176889,$6.54,4/4/2021,AppleWebKit/537.36
982,688873906,629813671,$24.43,7/13/2020,AppleWebKit/537.36
983,406175324,890364482,$404.77,1/27/2021,Chrome/51.0.2704.103
984,184263801,232700440,$186.46,8/29/2020,Mozilla/5.0
985,906041627,781255698,$622.77,12/6/2020,AppleWebKit/537.36
986,348592565,005683304,$828.85,11/28/2020,AppleWebKit/537.36
987,961962812,841863976,$207.62,5/15/2020,Chrome/51.0.2704.103
988,507001901,309087200,$343.13,8/4/2020,Mozilla/5.0
989,814259027,332286766,$991.47,3/20/2021,Mozilla/5.0
990,626707400,579077666,$18.85,6/14/2020,Mozilla/5.0
991,068796547,317403925,$121.18,10/1/2020,Mozilla/5.0
992,702937823,217948733,$191.35,12/16/2020,Safari/537.36
993,276925330,977742948,$519.73,12/23/2020,Safari/537.36
994,724399993,213907737,$131.07,7/5/2020,Chrome/51.0.2704.103
995,613014117,814786682,$721.86,6/7/2020,Safari/537.36
996,863939627,585775037,$289.04,4/3/2021,Chrome/51.0.2704.103
997,992977779,562399656,$490.63,12/10/2020,Mozilla/5.0
998,066336873,709361448,$476.74,9/27/2020,Mozilla/5.0
999,392614262,032132055,$473.46,3/17/2021,AppleWebKit/537.36
1000,756130452,816152017,$690.23,11/30/2020,AppleWebKit/537.36
